[{"pk": 1, "model": "contenttypes.contenttype", "fields": {"model": "permission", "name": "permission", "app_label": "auth"}}, {"pk": 2, "model": "contenttypes.contenttype", "fields": {"model": "group", "name": "group", "app_label": "auth"}}, {"pk": 3, "model": "contenttypes.contenttype", "fields": {"model": "user", "name": "user", "app_label": "auth"}}, {"pk": 4, "model": "contenttypes.contenttype", "fields": {"model": "contenttype", "name": "content type", "app_label": "contenttypes"}}, {"pk": 5, "model": "contenttypes.contenttype", "fields": {"model": "session", "name": "session", "app_label": "sessions"}}, {"pk": 6, "model": "contenttypes.contenttype", "fields": {"model": "site", "name": "site", "app_label": "sites"}}, {"pk": 7, "model": "contenttypes.contenttype", "fields": {"model": "logentry", "name": "log entry", "app_label": "admin"}}, {"pk": 8, "model": "contenttypes.contenttype", "fields": {"model": "imagenode", "name": "image node", "app_label": "ALSO"}}, {"pk": 9, "model": "contenttypes.contenttype", "fields": {"model": "textnode", "name": "text node", "app_label": "ALSO"}}, {"pk": 10, "model": "contenttypes.contenttype", "fields": {"model": "instapost", "name": "insta post", "app_label": "ALSO"}}, {"pk": 11, "model": "contenttypes.contenttype", "fields": {"model": "category", "name": "category", "app_label": "ALSO"}}, {"pk": 12, "model": "contenttypes.contenttype", "fields": {"model": "article", "name": "article", "app_label": "ALSO"}}, {"pk": 13, "model": "contenttypes.contenttype", "fields": {"model": "post", "name": "post", "app_label": "ALSO"}}, {"pk": 14, "model": "contenttypes.contenttype", "fields": {"model": "day", "name": "day", "app_label": "ALSO"}}, {"pk": "bizc6n0vo1clt95wnh6g6sx3whodg274", "model": "sessions.session", "fields": {"expire_date": "2013-06-26T00:49:44.852Z", "session_data": "ZTIwOGJlNDRmYjk5MGJmM2JjMzA0MWQ0ZjBiODVjMjUwOTI2ODU0NTqAAn1xAShVEl9hdXRoX3VzZXJfYmFja2VuZHECVSlkamFuZ28uY29udHJpYi5hdXRoLmJhY2tlbmRzLk1vZGVsQmFja2VuZHEDVQ1fYXV0aF91c2VyX2lkcQRLAXUu"}}, {"pk": 1, "model": "sites.site", "fields": {"domain": "example.com", "name": "example.com"}}, {"pk": 1, "model": "ALSO.imagenode", "fields": {"title": "sda.gif", "description": "", "location": "static/img/uploaded/sda_2.gif"}}, {"pk": 2, "model": "ALSO.imagenode", "fields": {"title": "sda1.jpg", "description": "", "location": "static/img/uploaded/sda1_1.jpg"}}, {"pk": 3, "model": "ALSO.imagenode", "fields": {"title": "sda2.jpg", "description": "", "location": "static/img/uploaded/sda2_1.jpg"}}, {"pk": 4, "model": "ALSO.imagenode", "fields": {"title": "sda3.jpg", "description": "", "location": "static/img/uploaded/sda3_1.jpg"}}, {"pk": 5, "model": "ALSO.imagenode", "fields": {"title": "sda5.jpg", "description": "", "location": "static/img/uploaded/sda5.jpg"}}, {"pk": 6, "model": "ALSO.imagenode", "fields": {"title": "urban-splash.jpg", "description": "", "location": "static/img/uploaded/urban-splash_1.jpg"}}, {"pk": 7, "model": "ALSO.imagenode", "fields": {"title": "urban-1.jpg", "description": "", "location": "static/img/uploaded/urban-1_1.jpg"}}, {"pk": 8, "model": "ALSO.imagenode", "fields": {"title": "urban-2.jpg", "description": "", "location": "static/img/uploaded/urban-2_2.jpg"}}, {"pk": 9, "model": "ALSO.imagenode", "fields": {"title": "urban-3.jpg", "description": "", "location": "static/img/uploaded/urban-3_2.jpg"}}, {"pk": 10, "model": "ALSO.imagenode", "fields": {"title": "urban-5.jpg", "description": "", "location": "static/img/uploaded/urban-5_1.jpg"}}, {"pk": 11, "model": "ALSO.imagenode", "fields": {"title": "antonio.jpg", "description": "", "location": "static/img/uploaded/antonio_1.jpg"}}, {"pk": 12, "model": "ALSO.imagenode", "fields": {"title": "symon.jpg", "description": "", "location": "static/img/uploaded/symon_1.jpg"}}, {"pk": 13, "model": "ALSO.imagenode", "fields": {"title": "lisa.jpg", "description": "", "location": "static/img/uploaded/lisa_1.jpg"}}, {"pk": 14, "model": "ALSO.imagenode", "fields": {"title": "screen-shot-2013-06-12-at-110945-am.png", "description": "", "location": "static/img/uploaded/screen-shot-2013-06-12-at-110945-am.png"}}, {"pk": 1, "model": "ALSO.textnode", "fields": {"textField": "The 2013 Sustainable Design Awards (SDA) is an annual, student-lead initiative aiming to inspire post-secondary students to approach their projects through the lens of sustainability (ecological, social, cultural, and economic). Each year, students are invited to develop and submit design projects. Submissions are critiqued by an expert panel of judges, and voted on by peers. There is a cash prize for the winning entry.\r\nThe concept started with the idea of nature as a closed loop. From there we played with the idea of an infinity symbol that was repeated twice, forming three closed loops\u2014one for each word that define the event\u2019s name. The final mark also makes reference to an ampersand. The identity is flexible and dynamic. We have defined a variety of options for\u00a0 use with different types of media. We have designed it so that it can change and move on screen. This multitude of variations and perspectives is a direct reflection of the competition.", "backgroundImage": [1], "title": "SDA"}}, {"pk": 2, "model": "ALSO.textnode", "fields": {"textField": "Urban environments are complex systems where a\u00a0multitude of seemingly unrelated components interact. The domain of ecology, which investigates the complex interactions of natural systems, offers a new frame with which to view urban environments through. Not as disparate parts, but as interrelated parts of a whole.Urban Ecologies 2013 as a conference poses questions surrounding this new perspective, bringing together various disciplines to address the following five themes: Regenerating Cities, Visualizing Information, Thinking Systems, Creating Community, and Building Health. The Urban Ecologies 2013 logo attempts to capture this within a seemingly simple mark.\r\nInspired by the visualization studies of Jacques Bertin, the patterns and textures found within architecture and urban planning, and the concept of a Venn diagram. The intent of this identity is to respect the complexity of urban ecology while illustrating the multitude of overlapping domains.\r\nThe identity brings together five differing patterns that overlap with one and other to form a more complex\u2014yet unified\u2014pattern at the heart of the mark. While the shapes overlap, the patterns of each shape can be seen emerging out of the larger form, while still remaining tightly interwoven within the other patterns.\r\nThe colour palette of the mark was carefully selected based upon intuitive considerations of the themes. In addition the colours were chosen for their ability to perform separately and collectively within the system.\r\nThis mark embodies varying levels of detail and form, offering a rich visual metaphor for the conference as a whole.", "backgroundImage": [6], "title": "urban Ecologies"}}, {"pk": 3, "model": "ALSO.textnode", "fields": {"textField": "ALSO Collective is a collaborative network of creative professionals. We explore traditional design approaches and topics through design research and experimentation. Our efforts aim to define new boundaries of design, moving beyond traditional media and established practices. Our goal is to contribute to a local and global culture of communication while challenging the conventions of our discipline. \r\n\r\nOur tools consist of a hybrid between traditional craft and digital media. We apply this diversity of skills to printed matter, site interventions, and interactive installations. \r\n\r\nWe acknowledge the rich history of design and its shifting identity. We are driven by inquiry and our desire to change. We are the beginning of the change and the initial step towards the future; we are ALSO Collective, an unconventional creative force.", "backgroundImage": [], "title": "History"}}, {"pk": 4, "model": "ALSO.textnode", "fields": {"textField": "ALSO Collective is a collaborative network of creative professionals. We explore traditional design approaches and topics through design research and experimentation. Our efforts aim to define new boundaries of design, moving beyond traditional media and established practices. Our goal is to contribute to a local and global culture of communication while challenging the conventions of our discipline. \r\n\r\nOur tools consist of a hybrid between traditional craft and digital media. We apply this diversity of skills to printed matter, site interventions, and interactive installations. \r\n\r\nWe acknowledge the rich history of design and its shifting identity. We are driven by inquiry and our desire to change. We are the beginning of the change and the initial step towards the future; we are ALSO Collective, an unconventional creative force.", "backgroundImage": [], "title": "Mandate"}}, {"pk": 5, "model": "ALSO.textnode", "fields": {"textField": "soemthin@also.com |  123 456 7890 | 183 Speeeeedian av Toronto On Canada", "backgroundImage": [], "title": "Contact"}}, {"pk": 6, "model": "ALSO.textnode", "fields": {"textField": "I\u2019m a Brazilian graphic designer living in Toronto, Ontario. My educational background includes an associate degree in industrial design, a diploma in interactive media, and a bachelor of design degree with a major in graphic design. \r\n", "backgroundImage": [11], "title": "Antonio Lennert"}}, {"pk": 7, "model": "ALSO.textnode", "fields": {"textField": "Symon Oliver is a recent graduate from OCAD U\u2019s Faculty of Design, with a Minor in Liberal Studies. He has been co-directing the OCAD U Student Press with Antonio Lennert. Additionally, Oliver works at the OCAD University Mobile Experience Lab with teams exploring data visualization, mapping, gestural editing, and mindfulness. He is currently investigating the relationship between art and design artifacts and their connection to the processes and tools of making.", "backgroundImage": [12], "title": "Symon Oliver"}}, {"pk": 8, "model": "ALSO.textnode", "fields": {"textField": "I Made This For You Gift giving has always been around and is an important part of human interaction; we give gifts to strengthen bonds, show appreciation and to commemorate an occasion. Gifts can show you know, understand and respect a person\u2019s interests and your relationship, with them, but if done incorrectly, it can cause the opposite effect. Good relationships are formed through communication and gifts are both a way of showing those levels of understanding, and in themselves a means of communication.", "backgroundImage": [13], "title": "Lisa MacDonald"}}, {"pk": 1, "model": "ALSO.instapost", "fields": {"url": "http://distilleryimage6.s3.amazonaws.com/41baba40d18a11e2a45b22000a9e06cb_7.jpg", "date": "2013-06-10T04:57:31Z", "message": "Amazing day working with #alsocollective <3", "creator": "ashleyq28"}}, {"pk": 2, "model": "ALSO.instapost", "fields": {"url": "http://distilleryimage2.s3.amazonaws.com/e161162ed17711e2866d22000a9f137d_7.jpg", "date": "2013-06-10T02:45:58Z", "message": "The takedown: public or private #alsocollective #carlwagan #bushwickhappyhour", "creator": "bushwickhappyhour"}}, {"pk": 3, "model": "ALSO.instapost", "fields": {"url": "http://distilleryimage4.s3.amazonaws.com/28933b90d16811e2a49722000aaa05c4_7.jpg", "date": "2013-06-10T00:53:26Z", "message": "Final #POP - Public or Private? @bushwickhappyhour @ocadustudentpress #alsocollective #carlwagan", "creator": "antoniolennert"}}, {"pk": 4, "model": "ALSO.instapost", "fields": {"url": "http://distilleryimage6.s3.amazonaws.com/4c7662e2d16511e29b3722000a1fa50e_7.jpg", "date": "2013-06-10T00:32:57Z", "message": "Button making as we wrap up #POP meet up w/ #ALSOCollective #CarlWagan #BookBakery #bushwickhappyhour", "creator": "bushwickhappyhour"}}, {"pk": 5, "model": "ALSO.instapost", "fields": {"url": "http://distilleryimage0.s3.amazonaws.com/ef8cfe32d16011e2a0b722000ae911ee_7.jpg", "date": "2013-06-10T00:01:44Z", "message": "Final #POP Considerations @bushwickhappyhour @ocadustudentpress #carlwagan #alsocollective", "creator": "antoniolennert"}}, {"pk": 6, "model": "ALSO.instapost", "fields": {"url": "http://distilleryimage2.s3.amazonaws.com/d50e65c2d15211e29df022000a1fb07c_7.jpg", "date": "2013-06-09T22:20:46Z", "message": "#pop #bushwickhappyhour #alsocollective #carlwagan", "creator": "bushwickhappyhour"}}, {"pk": 7, "model": "ALSO.instapost", "fields": {"url": "http://distilleryimage7.s3.amazonaws.com/668b3bd8d14e11e28b3822000a9f15fd_7.jpg", "date": "2013-06-09T21:49:03Z", "message": "The halfway mark #POP workshop in Bushwick @bushwickhappyhour @ocadustudentpress #carlwagan #alsocollective #bookbakery", "creator": "antoniolennert"}}, {"pk": 8, "model": "ALSO.instapost", "fields": {"url": "http://distilleryimage10.s3.amazonaws.com/e5c7c31ad14111e2aaa822000a1fb0dd_7.jpg", "date": "2013-06-09T20:19:33Z", "message": "Everything we need. #carlwagan #alsocollective @ocadustudentpress @bushwickhappyhour", "creator": "shannon_gerard"}}, {"pk": 9, "model": "ALSO.instapost", "fields": {"url": "http://distilleryimage7.s3.amazonaws.com/a7a68adad14111e2b98822000aaa0338_7.jpg", "date": "2013-06-09T20:17:49Z", "message": "POP with #alsocollective #carlwagan and @bushwickhappyhour", "creator": "shannon_gerard"}}, {"pk": 10, "model": "ALSO.instapost", "fields": {"url": "http://distilleryimage3.s3.amazonaws.com/20d2fc46d13c11e2a0bf22000aa80261_7.jpg", "date": "2013-06-09T19:38:15Z", "message": "Champagne #POP 'n photoshoot to kick off our Bushwick/Toronto collaboration #bushwickhappyhour #alsocollective #bookbakery #ocadustudentpress", "creator": "antoniolennert"}}, {"pk": 11, "model": "ALSO.instapost", "fields": {"url": "http://distilleryimage9.s3.amazonaws.com/06f9ab9ed13211e2b1c522000a9f18eb_7.jpg", "date": "2013-06-09T18:25:57Z", "message": "Glowing... #alsocollective + #bushwickhappyhour", "creator": "bushwickhappyhour"}}, {"pk": 12, "model": "ALSO.instapost", "fields": {"url": "http://distilleryimage2.s3.amazonaws.com/deb82666d13011e2901122000a9f1939_7.jpg", "date": "2013-06-09T18:17:39Z", "message": "Brainstorming w/ the #alsocollective keeping it breezy in tropical attire", "creator": "bushwickhappyhour"}}, {"pk": 13, "model": "ALSO.instapost", "fields": {"url": "http://distilleryimage1.s3.amazonaws.com/4f24225ad12811e2ab6822000a1fb191_7.jpg", "date": "2013-06-09T17:16:23Z", "message": "P.O.P. Workshop about to start in Bushwick #carlwagan #bushwickhappyhour #alsocollective #ocadustudentpress #bookbakery", "creator": "antoniolennert"}}, {"pk": 14, "model": "ALSO.instapost", "fields": {"url": "http://distilleryimage0.s3.amazonaws.com/2c58bc62ce0411e297bf22000a1f9263_7.jpg", "date": "2013-06-05T17:20:09Z", "message": "Sneak Peek of the #Riso poster by @instanselgram for our installation at Figment NYC", "creator": "antoniolennert"}}, {"pk": 15, "model": "ALSO.instapost", "fields": {"url": "http://distilleryimage5.s3.amazonaws.com/e55fe1d8cd7111e28b3522000a1f9867_7.jpg", "date": "2013-06-04T23:53:03Z", "message": "#Riso workshop in preparation for our installation at Figment NYC next weekend", "creator": "antoniolennert"}}, {"pk": 16, "model": "ALSO.instapost", "fields": {"url": "http://distilleryimage9.s3.amazonaws.com/9a5cba78cbda11e28c6122000aa8013a_7.jpg", "date": "2013-06-02T23:17:32Z", "message": "Ph.D. candidate of the humanities @dangerwillrobin  meets graphic designers. Critical game Gets it Better is born. #alsocollective @lisagmacdonald", "creator": "symonoliver"}}, {"pk": 17, "model": "ALSO.instapost", "fields": {"url": "http://distilleryimage1.s3.amazonaws.com/237ca86ebbe011e287db22000aa803d4_7.jpg", "date": "2013-05-13T15:16:51Z", "message": "Lessons of Sister Corita read aloud by @shannon_gerard #alsocollective", "creator": "symonoliver"}}, {"pk": 18, "model": "ALSO.instapost", "fields": {"url": "http://distilleryimage7.s3.amazonaws.com/dd70bc70ba8b11e29caa22000a1f96f6_7.jpg", "date": "2013-05-11T22:41:05Z", "message": "Video shoot with the dream team @todesignoffsite #alsocollective", "creator": "antoniolennert"}}, {"pk": 19, "model": "ALSO.instapost", "fields": {"url": "http://distilleryimage5.s3.amazonaws.com/51ad0110b8f311e2bf8022000a1fbe54_7.jpg", "date": "2013-05-09T21:56:36Z", "message": "Analytical Thursdays at #alsocollective", "creator": "antoniolennert"}}, {"pk": 20, "model": "ALSO.instapost", "fields": {"url": "http://distilleryimage2.s3.amazonaws.com/0c600592b80a11e2bdb622000a1f9860_7.jpg", "date": "2013-05-08T18:06:47Z", "message": "Playshops publication: Workshop series exploring play | designed by #alsocollective printed by @StandardForm", "creator": "antoniolennert"}}, {"pk": 1, "model": "ALSO.category", "fields": {"toDisplay": 0, "slug": "process", "title": "Process"}}, {"pk": 2, "model": "ALSO.category", "fields": {"toDisplay": 0, "slug": "work", "title": "Work"}}, {"pk": 3, "model": "ALSO.category", "fields": {"toDisplay": 0, "slug": "about", "title": "About"}}, {"pk": 1, "model": "ALSO.article", "fields": {"textFields": [], "category": [1], "imageFields": [], "title": "Instagram", "order": 0, "instagramFields": [1, 2, 3, 4, 5, 6, 7, 8, 9, 10, 11, 12, 13, 14, 15, 16, 17, 18, 19, 20], "slug": "instagram"}}, {"pk": 2, "model": "ALSO.article", "fields": {"textFields": [1], "category": [2], "imageFields": [2, 3, 4, 5], "title": "Sustainable Design Awards", "order": 0, "instagramFields": [], "slug": "sustainable-design-awards"}}, {"pk": 3, "model": "ALSO.article", "fields": {"textFields": [2], "category": [2], "imageFields": [7, 8, 9, 10], "title": "Urban Ecologies", "order": 0, "instagramFields": [], "slug": "urban-ecologies"}}, {"pk": 4, "model": "ALSO.article", "fields": {"textFields": [3], "category": [3], "imageFields": [], "title": "History", "order": 0, "instagramFields": [], "slug": "history"}}, {"pk": 5, "model": "ALSO.article", "fields": {"textFields": [4], "category": [3], "imageFields": [], "title": "Mandate", "order": 0, "instagramFields": [], "slug": "mandate"}}, {"pk": 6, "model": "ALSO.article", "fields": {"textFields": [5], "category": [3], "imageFields": [], "title": "Contact", "order": 0, "instagramFields": [], "slug": "contact"}}, {"pk": 7, "model": "ALSO.article", "fields": {"textFields": [6, 7, 8], "category": [3], "imageFields": [], "title": "People", "order": 0, "instagramFields": [], "slug": "people"}}, {"pk": 1, "model": "ALSO.post", "fields": {"title": "tweet", "url": "", "text": "test tweet now", "image": [], "creator": "bohdan", "postType": "tweet", "slug": "tweet"}}, {"pk": 2, "model": "ALSO.post", "fields": {"title": "none", "url": "", "text": "asdfasdfasdfasdfasdfasdfa", "image": [], "creator": "bohdan", "postType": "tweet", "slug": "none"}}, {"pk": 3, "model": "ALSO.post", "fields": {"title": "Mason Studio Intervew with ALSO Collective", "url": "http://www.mason-studio.com/journal/2013/04/intervew-with-also-collective/", "text": "", "image": [14], "creator": "", "postType": "article", "slug": "mason-studio-intervew-with-also-collective"}}, {"pk": 1, "model": "ALSO.day", "fields": {"date": "2013-06-12", "posts": [1, 2, 3]}}, {"pk": 1, "model": "auth.permission", "fields": {"codename": "add_permission", "name": "Can add permission", "content_type": 1}}, {"pk": 2, "model": "auth.permission", "fields": {"codename": "change_permission", "name": "Can change permission", "content_type": 1}}, {"pk": 3, "model": "auth.permission", "fields": {"codename": "delete_permission", "name": "Can delete permission", "content_type": 1}}, {"pk": 4, "model": "auth.permission", "fields": {"codename": "add_group", "name": "Can add group", "content_type": 2}}, {"pk": 5, "model": "auth.permission", "fields": {"codename": "change_group", "name": "Can change group", "content_type": 2}}, {"pk": 6, "model": "auth.permission", "fields": {"codename": "delete_group", "name": "Can delete group", "content_type": 2}}, {"pk": 7, "model": "auth.permission", "fields": {"codename": "add_user", "name": "Can add user", "content_type": 3}}, {"pk": 8, "model": "auth.permission", "fields": {"codename": "change_user", "name": "Can change user", "content_type": 3}}, {"pk": 9, "model": "auth.permission", "fields": {"codename": "delete_user", "name": "Can delete user", "content_type": 3}}, {"pk": 10, "model": "auth.permission", "fields": {"codename": "add_contenttype", "name": "Can add content type", "content_type": 4}}, {"pk": 11, "model": "auth.permission", "fields": {"codename": "change_contenttype", "name": "Can change content type", "content_type": 4}}, {"pk": 12, "model": "auth.permission", "fields": {"codename": "delete_contenttype", "name": "Can delete content type", "content_type": 4}}, {"pk": 13, "model": "auth.permission", "fields": {"codename": "add_session", "name": "Can add session", "content_type": 5}}, {"pk": 14, "model": "auth.permission", "fields": {"codename": "change_session", "name": "Can change session", "content_type": 5}}, {"pk": 15, "model": "auth.permission", "fields": {"codename": "delete_session", "name": "Can delete session", "content_type": 5}}, {"pk": 16, "model": "auth.permission", "fields": {"codename": "add_site", "name": "Can add site", "content_type": 6}}, {"pk": 17, "model": "auth.permission", "fields": {"codename": "change_site", "name": "Can change site", "content_type": 6}}, {"pk": 18, "model": "auth.permission", "fields": {"codename": "delete_site", "name": "Can delete site", "content_type": 6}}, {"pk": 19, "model": "auth.permission", "fields": {"codename": "add_logentry", "name": "Can add log entry", "content_type": 7}}, {"pk": 20, "model": "auth.permission", "fields": {"codename": "change_logentry", "name": "Can change log entry", "content_type": 7}}, {"pk": 21, "model": "auth.permission", "fields": {"codename": "delete_logentry", "name": "Can delete log entry", "content_type": 7}}, {"pk": 22, "model": "auth.permission", "fields": {"codename": "add_imagenode", "name": "Can add image node", "content_type": 8}}, {"pk": 23, "model": "auth.permission", "fields": {"codename": "change_imagenode", "name": "Can change image node", "content_type": 8}}, {"pk": 24, "model": "auth.permission", "fields": {"codename": "delete_imagenode", "name": "Can delete image node", "content_type": 8}}, {"pk": 25, "model": "auth.permission", "fields": {"codename": "add_textnode", "name": "Can add text node", "content_type": 9}}, {"pk": 26, "model": "auth.permission", "fields": {"codename": "change_textnode", "name": "Can change text node", "content_type": 9}}, {"pk": 27, "model": "auth.permission", "fields": {"codename": "delete_textnode", "name": "Can delete text node", "content_type": 9}}, {"pk": 28, "model": "auth.permission", "fields": {"codename": "add_instapost", "name": "Can add insta post", "content_type": 10}}, {"pk": 29, "model": "auth.permission", "fields": {"codename": "change_instapost", "name": "Can change insta post", "content_type": 10}}, {"pk": 30, "model": "auth.permission", "fields": {"codename": "delete_instapost", "name": "Can delete insta post", "content_type": 10}}, {"pk": 31, "model": "auth.permission", "fields": {"codename": "add_category", "name": "Can add category", "content_type": 11}}, {"pk": 32, "model": "auth.permission", "fields": {"codename": "change_category", "name": "Can change category", "content_type": 11}}, {"pk": 33, "model": "auth.permission", "fields": {"codename": "delete_category", "name": "Can delete category", "content_type": 11}}, {"pk": 34, "model": "auth.permission", "fields": {"codename": "add_article", "name": "Can add article", "content_type": 12}}, {"pk": 35, "model": "auth.permission", "fields": {"codename": "change_article", "name": "Can change article", "content_type": 12}}, {"pk": 36, "model": "auth.permission", "fields": {"codename": "delete_article", "name": "Can delete article", "content_type": 12}}, {"pk": 37, "model": "auth.permission", "fields": {"codename": "add_post", "name": "Can add post", "content_type": 13}}, {"pk": 38, "model": "auth.permission", "fields": {"codename": "change_post", "name": "Can change post", "content_type": 13}}, {"pk": 39, "model": "auth.permission", "fields": {"codename": "delete_post", "name": "Can delete post", "content_type": 13}}, {"pk": 40, "model": "auth.permission", "fields": {"codename": "add_day", "name": "Can add day", "content_type": 14}}, {"pk": 41, "model": "auth.permission", "fields": {"codename": "change_day", "name": "Can change day", "content_type": 14}}, {"pk": 42, "model": "auth.permission", "fields": {"codename": "delete_day", "name": "Can delete day", "content_type": 14}}, {"pk": 1, "model": "auth.user", "fields": {"username": "admin", "first_name": "", "last_name": "", "is_active": true, "is_superuser": true, "is_staff": true, "last_login": "2013-06-12T00:49:44.848Z", "groups": [], "user_permissions": [], "password": "pbkdf2_sha256$10000$emibImlVh60l$7Cqud5U4+npMP/B7YZgP/IT9wxX0OODYmfhNJCzaf/o=", "email": "", "date_joined": "2013-06-12T00:48:56.337Z"}}, {"pk": 1, "model": "admin.logentry", "fields": {"action_flag": 1, "action_time": "2013-06-12T00:50:21.620Z", "object_repr": "Process", "object_id": "1", "change_message": "", "user": 1, "content_type": 11}}, {"pk": 2, "model": "admin.logentry", "fields": {"action_flag": 1, "action_time": "2013-06-12T00:50:23.469Z", "object_repr": "Instagram", "object_id": "1", "change_message": "", "user": 1, "content_type": 12}}, {"pk": 3, "model": "admin.logentry", "fields": {"action_flag": 1, "action_time": "2013-06-12T00:50:43.831Z", "object_repr": "Work", "object_id": "2", "change_message": "", "user": 1, "content_type": 11}}, {"pk": 4, "model": "admin.logentry", "fields": {"action_flag": 1, "action_time": "2013-06-12T00:50:47.125Z", "object_repr": "About", "object_id": "3", "change_message": "", "user": 1, "content_type": 11}}, {"pk": 5, "model": "admin.logentry", "fields": {"action_flag": 1, "action_time": "2013-06-12T00:51:28.170Z", "object_repr": "sda.gif", "object_id": "1", "change_message": "", "user": 1, "content_type": 8}}, {"pk": 6, "model": "admin.logentry", "fields": {"action_flag": 1, "action_time": "2013-06-12T00:51:59.572Z", "object_repr": "SDA", "object_id": "1", "change_message": "", "user": 1, "content_type": 9}}, {"pk": 7, "model": "admin.logentry", "fields": {"action_flag": 1, "action_time": "2013-06-12T00:52:14.500Z", "object_repr": "sda1.jpg", "object_id": "2", "change_message": "", "user": 1, "content_type": 8}}, {"pk": 8, "model": "admin.logentry", "fields": {"action_flag": 1, "action_time": "2013-06-12T00:52:22.244Z", "object_repr": "sda2.jpg", "object_id": "3", "change_message": "", "user": 1, "content_type": 8}}, {"pk": 9, "model": "admin.logentry", "fields": {"action_flag": 1, "action_time": "2013-06-12T00:57:42.304Z", "object_repr": "sda3.jpg", "object_id": "4", "change_message": "", "user": 1, "content_type": 8}}, {"pk": 10, "model": "admin.logentry", "fields": {"action_flag": 1, "action_time": "2013-06-12T00:57:52.873Z", "object_repr": "sda5.jpg", "object_id": "5", "change_message": "", "user": 1, "content_type": 8}}, {"pk": 11, "model": "admin.logentry", "fields": {"action_flag": 1, "action_time": "2013-06-12T00:57:57.234Z", "object_repr": "Sustainable Design Awards", "object_id": "2", "change_message": "", "user": 1, "content_type": 12}}, {"pk": 12, "model": "admin.logentry", "fields": {"action_flag": 1, "action_time": "2013-06-12T00:58:50.442Z", "object_repr": "urban-splash.jpg", "object_id": "6", "change_message": "", "user": 1, "content_type": 8}}, {"pk": 13, "model": "admin.logentry", "fields": {"action_flag": 1, "action_time": "2013-06-12T00:58:52.910Z", "object_repr": "urban Ecologies", "object_id": "2", "change_message": "", "user": 1, "content_type": 9}}, {"pk": 14, "model": "admin.logentry", "fields": {"action_flag": 1, "action_time": "2013-06-12T00:59:07.209Z", "object_repr": "urban-1.jpg", "object_id": "7", "change_message": "", "user": 1, "content_type": 8}}, {"pk": 15, "model": "admin.logentry", "fields": {"action_flag": 1, "action_time": "2013-06-12T00:59:14.939Z", "object_repr": "urban-2.jpg", "object_id": "8", "change_message": "", "user": 1, "content_type": 8}}, {"pk": 16, "model": "admin.logentry", "fields": {"action_flag": 1, "action_time": "2013-06-12T00:59:21.827Z", "object_repr": "urban-3.jpg", "object_id": "9", "change_message": "", "user": 1, "content_type": 8}}, {"pk": 17, "model": "admin.logentry", "fields": {"action_flag": 1, "action_time": "2013-06-12T00:59:29.431Z", "object_repr": "urban-5.jpg", "object_id": "10", "change_message": "", "user": 1, "content_type": 8}}, {"pk": 18, "model": "admin.logentry", "fields": {"action_flag": 1, "action_time": "2013-06-12T00:59:34.893Z", "object_repr": "Urban Ecologies", "object_id": "3", "change_message": "", "user": 1, "content_type": 12}}, {"pk": 19, "model": "admin.logentry", "fields": {"action_flag": 1, "action_time": "2013-06-12T01:00:22.442Z", "object_repr": "History", "object_id": "3", "change_message": "", "user": 1, "content_type": 9}}, {"pk": 20, "model": "admin.logentry", "fields": {"action_flag": 1, "action_time": "2013-06-12T01:00:31.008Z", "object_repr": "History", "object_id": "4", "change_message": "", "user": 1, "content_type": 12}}, {"pk": 21, "model": "admin.logentry", "fields": {"action_flag": 1, "action_time": "2013-06-12T01:01:05.632Z", "object_repr": "Mandate", "object_id": "4", "change_message": "", "user": 1, "content_type": 9}}, {"pk": 22, "model": "admin.logentry", "fields": {"action_flag": 1, "action_time": "2013-06-12T01:01:10.700Z", "object_repr": "Mandate", "object_id": "5", "change_message": "", "user": 1, "content_type": 12}}, {"pk": 23, "model": "admin.logentry", "fields": {"action_flag": 1, "action_time": "2013-06-12T01:01:45.937Z", "object_repr": "Contact", "object_id": "5", "change_message": "", "user": 1, "content_type": 9}}, {"pk": 24, "model": "admin.logentry", "fields": {"action_flag": 1, "action_time": "2013-06-12T01:01:50.752Z", "object_repr": "Contact", "object_id": "6", "change_message": "", "user": 1, "content_type": 12}}, {"pk": 25, "model": "admin.logentry", "fields": {"action_flag": 1, "action_time": "2013-06-12T01:02:25.607Z", "object_repr": "antonio.jpg", "object_id": "11", "change_message": "", "user": 1, "content_type": 8}}, {"pk": 26, "model": "admin.logentry", "fields": {"action_flag": 1, "action_time": "2013-06-12T01:02:34.563Z", "object_repr": "Antonio Lennert", "object_id": "6", "change_message": "", "user": 1, "content_type": 9}}, {"pk": 27, "model": "admin.logentry", "fields": {"action_flag": 1, "action_time": "2013-06-12T01:03:01.358Z", "object_repr": "symon.jpg", "object_id": "12", "change_message": "", "user": 1, "content_type": 8}}, {"pk": 28, "model": "admin.logentry", "fields": {"action_flag": 1, "action_time": "2013-06-12T01:03:10.838Z", "object_repr": "Symon Oliver", "object_id": "7", "change_message": "", "user": 1, "content_type": 9}}, {"pk": 29, "model": "admin.logentry", "fields": {"action_flag": 1, "action_time": "2013-06-12T01:03:26.071Z", "object_repr": "lisa.jpg", "object_id": "13", "change_message": "", "user": 1, "content_type": 8}}, {"pk": 30, "model": "admin.logentry", "fields": {"action_flag": 1, "action_time": "2013-06-12T01:03:33.225Z", "object_repr": "Lisa MacDonald", "object_id": "8", "change_message": "", "user": 1, "content_type": 9}}, {"pk": 31, "model": "admin.logentry", "fields": {"action_flag": 1, "action_time": "2013-06-12T01:03:35.265Z", "object_repr": "People", "object_id": "7", "change_message": "", "user": 1, "content_type": 12}}, {"pk": 32, "model": "admin.logentry", "fields": {"action_flag": 1, "action_time": "2013-06-12T15:01:55.911Z", "object_repr": "none", "object_id": "1", "change_message": "", "user": 1, "content_type": 13}}, {"pk": 33, "model": "admin.logentry", "fields": {"action_flag": 2, "action_time": "2013-06-12T15:03:43.643Z", "object_repr": "tweet", "object_id": "1", "change_message": "No fields changed.", "user": 1, "content_type": 13}}, {"pk": 34, "model": "admin.logentry", "fields": {"action_flag": 1, "action_time": "2013-06-12T15:08:28.029Z", "object_repr": "none", "object_id": "2", "change_message": "", "user": 1, "content_type": 13}}, {"pk": 35, "model": "admin.logentry", "fields": {"action_flag": 1, "action_time": "2013-06-12T15:10:12.359Z", "object_repr": "screen-shot-2013-06-12-at-110945-am.png", "object_id": "14", "change_message": "", "user": 1, "content_type": 8}}, {"pk": 36, "model": "admin.logentry", "fields": {"action_flag": 1, "action_time": "2013-06-12T15:10:43.582Z", "object_repr": "Mason Studio Intervew with ALSO Collective", "object_id": "3", "change_message": "", "user": 1, "content_type": 13}}, {"pk": 37, "model": "admin.logentry", "fields": {"action_flag": 1, "action_time": "2013-06-12T15:10:49.041Z", "object_repr": "2013-06-12", "object_id": "1", "change_message": "", "user": 1, "content_type": 14}}]